{ 
    "data": { 
       "totalPages":4, 
       "pageNo": 2, 
      "pageSize": 10, 
      "channel_list": [      {          "code": "POB",          "sender": "pob@bdo.com.ph",          "gateway_type": "SMTP",          "rate": "5.00%",          "max_rate": "5.00%",          "thres_rate": "2.00%",          "status": "blocked",          "update_date": "01/07/2021"      },      {          "code": "BOB",          "sender": "bob@bdo.com.ph",          "gateway_type": "SMTP",          "rate": "3.00%",          "max_rate": "5.00%",          "thres_rate": "2.00%",          "status": "unblocked",          "update_date": "01/07/2021"      },      {          "code": "CLG",          "sender": "clg@bdo.com.ph",          "gateway_type": "SMTP",          "rate": "2.00%",          "max_rate": "5.00%",          "thres_rate": "2.00%",          "status": "unblocked",          "update_date": "01/07/2021"      },      {          "code": "BOB",          "sender": "BDO-BOB",          "gateway_type": "SMS",          "rate": "5.00%",          "max_rate": "5.00%",          "thres_rate": "2.00%",          "status": "blocked",          "update_date": "01/07/2021"      },      {          "code": "CLG",          "sender": "BDO-CLG",          "gateway_type": "SMS",          "rate": "3.00%",          "max_rate": "5.00%",          "thres_rate": "2.00%",          "status": "unblocked",          "update_date": "01/07/2021"      },      {          "code": "CIAM",          "sender": "ciam@bdo.com.ph",          "gateway_type": "SMTP",          "rate": "4.00%",          "max_rate": "5.00%",          "thres_rate": "2.00%",          "status": "unblocked",          "update_date": "01/07/2021"      },      {          "code": "POB1",          "sender": "pob1@bdo.com.ph",          "gateway_type": "SMTP",          "rate": "5.00%",          "max_rate": "5.00%",          "thres_rate": "2.00%",          "status": "blocked",          "update_date": "01/07/2021"      },      {          "code": "BOB1",          "sender": "bob1@bdo.com.ph",          "gateway_type": "SMTP",          "rate": "3.00%",          "max_rate": "5.00%",          "thres_rate": "2.00%",          "status": "unblocked",          "update_date": "01/07/2021"      },      {          "code": "CLG1",          "sender": "clg1@bdo.com.ph",          "gateway_type": "SMTP",          "rate": "2.00%",          "max_rate": "5.00%",          "thres_rate": "2.00%",          "status": "unblocked",          "update_date": "01/07/2021"      },      {          "code": "BOB1",          "sender": "BDO-BOB1",          "gateway_type": "SMS",          "rate": "5.00%",          "max_rate": "5.00%",          "thres_rate": "2.00%",          "status": "blocked",          "update_date": "01/07/2021"      },      {          "code": "CLG1",          "sender": "BDO-CLG1",          "gateway_type": "SMS",          "rate": "3.00%",          "max_rate": "5.00%",          "thres_rate": "2.00%",          "status": "unblocked",          "update_date": "01/07/2021"      },      {          "code": "CIAM1",          "sender": "ciam1@bdo.com.ph",          "gateway_type": "SMTP",          "rate": "4.00%",          "max_rate": "5.00%",          "thres_rate": "2.00%",          "status": "unblocked",          "update_date": "01/07/2021"      }  ], 
      } 

} 

 

 

 

 