{ "totalPages": 4, "pageNumber": 2, "pageSize": 10, "notificationList": [     {         "from": "CCM admin",         "subject": "Downtime notification",         "message": "This is to inform that we will be expereince the server downtime due to",         "receivedDate": "02/14/2021 08:30PM",         "isRead": true     },     {         "from": "CCM admin",         "subject": "Change in downtime",         "message": "This is to inform that we will be expereince the server downtime due to",         "receivedDate": "02/14/2021 08:30PM",         "isRead": true     },     {         "from": "CCM admin",         "subject": "Extended downtime",         "message": "This is to inform that we will be expereince the server downtime due to",         "receivedDate": "02/14/2021 09:30PM",         "isRead": true     },     {         "from": "CCM admin",         "subject": "Cancelled downtime",         "message": "This is to inform that we will be expereince the server downtime due to",         "receivedDate": "02/15/2021 08:30PM",         "isRead": true     },     {         "from": "CCM admin",         "subject": "Downtime notification",         "message": "This is to inform that we will be expereince the server downtime due to",         "receivedDate": "03/14/2021 08:30PM",         "isRead": true     },     {         "from": "CCM admin",         "subject": "Downtime notification",         "message": "This is to inform that we will be expereince the server downtime due to",         "receivedDate": "02/16/2021 08:30PM",         "isRead": false     },     {         "from": "CCM admin",         "subject": "Downtime notification",         "message": "This is to inform that we will be expereince the server downtime due to",         "receivedDate": "03/17/2021 08:30PM",         "isRead": false     },     {         "from": "CCM admin",         "subject": "Downtime notification",         "message": "This is to inform that we will be expereince the server downtime due to",         "receivedDate": "06/09/2021 08:30PM",         "isRead": false     },     {         "from": "CCM admin",         "subject": "Downtime notification",         "message": "This is to inform that we will be expereince the server downtime due to",         "receivedDate": "06/10/2021 08:30PM",         "isRead": false     },     {         "from": "CCM admin",         "subject": "Downtime notification",         "message": "This is to inform that we will be expereince the server downtime due to",         "receivedDate": "05/12/2021 08:30PM",         "isRead": false     },     {         "from": "CCM admin",         "subject": "Downtime notification",         "message": "This is to inform that we will be expereince the server downtime due to",         "receivedDate": "12/12/2021 08:30PM",         "isRead": false     },     {         "from": "CCM admin",         "subject": "Downtime notification",         "message": "This is to inform that we will be expereince the server downtime due to",         "receivedDate": "02/14/2021 08:30PM",         "isRead": false     } ]
}