{
    "data": {
        "maximumNoOfAllowablegwSettings": 10,
        "maximumNoOfAllowablegwProvider": 1,
        "maximumNoOfAllowablegwProviderSettings": 5,
        "gatewayTypeDetails": {
            "gatewayCode": "GW001",
            "name": "SMTP",
            "description": "Simple Mail Transfer Protocol",
            "status": "active"
        },
        "gatewaySettingsList": [
            {
                "gatewaySettingsCode": "GS1",
                "fieldName": "Settings 1",
                "fieldValue": 30,
                "status": "active",
                "description": "DESC stands for Describe, Express, Specify and Consequences. To develop more assertiveness, practice using the DESC script..",
                "dataType": "integer",
                "required": false,
                "dataFormat": "#NNN",
                "defaultValue": 3,
                "maximumValue": 50,
                "minimumValue": 1,
                "affectedModule": "Free Text"
            },
            {
                "gatewaySettingsCode": "GS2",
                "fieldName": "Settings 2",
                "fieldValue": 33,
                "status": "inactive",
                "description": "DESC stands for Describe, Express, Specify and Consequences. To develop more assertiveness, practice using the DESC script..",
                "dataType": "decimal",
                "required": false,
                "dataFormat": "#NN.N",
                "defaultValue": 3,
                "maximumValue": 50,
                "minimumValue": 1,
                "affectedModule": "Free Text"
            },
            {
                "gatewaySettingsCode": "GS3",
                "fieldName": "Settings 3",
                "fieldValue": 36,
                "status": "active",
                "description": "DESC stands for Describe, Express, Specify and Consequences. To develop more assertiveness, practice using the DESC script..",
                "dataType": "string",
                "required": false,
                "dataFormat": "#NNNAA",
                "defaultValue": "Three",
                "maximumValue": 50,
                "minimumValue": 1,
                "affectedModule": "Free Text"
            },
            {
                "gatewaySettingsCode": "GS4",
                "fieldName": "Bandwidth",
                "fieldValue": 38,
                "status": "active",
                "description": "DESC stands for Describe, Express, Specify and Consequences. To develop more assertiveness, practice using the DESC script..",
                "dataType": "List",
                "required": false,
                "dataFormat": "['AAA','AAA']",
                "dataList": [
                    1,
                    3,
                    34,
                    4
                ],
                "affectedModule": "Free Text"
            },
            {
                "gatewaySettingsCode": "GS5",
                "fieldName": "Attachment Size",
                "fieldValue": 35,
                "status": "inactive",
                "description": "DESC stands for Describe, Express, Specify and Consequences. To develop more assertiveness, practice using the DESC script..",
                "dataType": "Date",
                "required": false,
                "dataFormat": "ddMMYYYY",
                "defaultValue": "03-05-2021",
                "affectedModule": "Free Text"
            },
            {
                "gatewaySettingsCode": "GS6",
                "fieldName": "Support Framework",
                "fieldValue": 32,
                "status": "active",
                "description": "DESC stands for Describe, Express, Specify and Consequences. To develop more assertiveness, practice using the DESC script..",
                "dataType": "integer",
                "required": false,
                "dataFormat": "#NNN",
                "defaultValue": 3,
                "maximumValue": 50,
                "minimumValue": 1,
                "affectedModule": "Free Text"
            },
            {
                "gatewaySettingsCode": "GS7",
                "fieldName": "USIM",
                "fieldValue": 30,
                "status": "active",
                "description": "DESC stands for Describe, Express, Specify and Consequences. To develop more assertiveness, practice using the DESC script..",
                "dataType": "integer",
                "required": false,
                "dataFormat": "#NNN",
                "defaultValue": 3,
                "maximumValue": 50,
                "minimumValue": 1,
                "affectedModule": "Free Text"
            },
            {
                "gatewaySettingsCode": "GS8",
                "fieldName": "Maximum idle period",
                "fieldValue": 32,
                "status": "active",
                "description": "DESC stands for Describe, Express, Specify and Consequences. To develop more assertiveness, practice using the DESC script..",
                "dataType": "integer",
                "required": false,
                "dataFormat": "#NNN",
                "defaultValue": 3,
                "maximumValue": 50,
                "minimumValue": 1,
                "affectedModule": "Free Text"
            },
            {
                "gatewaySettingsCode": "GS9",
                "fieldName": "Settings 1",
                "fieldValue": 23,
                "status": "inactive",
                "description": "DESC stands for Describe, Express, Specify and Consequences. To develop more assertiveness, practice using the DESC script..",
                "dataType": "integer",
                "required": false,
                "dataFormat": "#NNN",
                "defaultValue": 3,
                "maximumValue": 50,
                "minimumValue": 1,
                "affectedModule": "Free Text"
            },
            {
                "gatewaySettingsCode": "GS10",
                "fieldName": "Settings 11",
                "fieldValue": 20,
                "status": "active",
                "description": "DESC stands for Describe, Express, Specify and Consequences. To develop more assertiveness, practice using the DESC script..",
                "dataType": "integer",
                "required": false,
                "dataFormat": "#NNN",
                "defaultValue": 3,
                "maximumValue": 50,
                "minimumValue": 1,
                "affectedModule": "Free Text"
            },
            {
                "gatewaySettingsCode": "GS11",
                "fieldName": "Settings 12",
                "fieldValue": 30,
                "status": "inactive",
                "description": "DESC stands for Describe, Express, Specify and Consequences. To develop more assertiveness, practice using the DESC script..",
                "dataType": "integer",
                "required": false,
                "dataFormat": "#NNN",
                "defaultValue": 3,
                "maximumValue": 50,
                "minimumValue": 1,
                "affectedModule": "Free Text"
            },
            {
                "gatewaySettingsCode": "GS12",
                "fieldName": "Settings 13",
                "fieldValue": 40,
                "status": "active",
                "description": "DESC stands for Describe, Express, Specify and Consequences. To develop more assertiveness, practice using the DESC script..",
                "dataType": "integer",
                "required": false,
                "dataFormat": "#NNN",
                "defaultValue": 3,
                "maximumValue": 50,
                "minimumValue": 1,
                "affectedModule": "Free Text"
            },
            {
                "gatewaySettingsCode": "GS13",
                "fieldName": "Settings 14",
                "fieldValue": 50,
                "status": "active",
                "description": "DESC stands for Describe, Express, Specify and Consequences. To develop more assertiveness, practice using the DESC script..",
                "dataType": "integer",
                "required": false,
                "dataFormat": "#NNN",
                "defaultValue": 3,
                "maximumValue": 50,
                "minimumValue": 1,
                "affectedModule": "Free Text"
            },
            {
                "gatewaySettingsCode": "GS14",
                "fieldName": "Settings 14",
                "fieldValue": 50,
                "status": "inactive",
                "description": "DESC stands for Describe, Express, Specify and Consequences. To develop more assertiveness, practice using the DESC script..",
                "dataType": "integer",
                "required": false,
                "dataFormat": "#NNN",
                "defaultValue": 3,
                "maximumValue": 50,
                "minimumValue": 1,
                "affectedModule": "Free Text"
            },
            {
                "gatewaySettingsCode": "GS15",
                "fieldName": "Settings 15",
                "fieldValue": 30,
                "status": "active",
                "description": "DESC stands for Describe, Express, Specify and Consequences. To develop more assertiveness, practice using the DESC script..",
                "dataType": "integer",
                "required": false,
                "dataFormat": "#NNN",
                "defaultValue": 3,
                "maximumValue": 50,
                "minimumValue": 1,
                "affectedModule": "Free Text"
            }
        ],
        "gatewayProviderList": [
            {
                "description": "Free Text",
                "code": "GP001",
                "providerContextRoot": "root",
                "status": "active",
                "name": "Click Send",
                "apiIntegration": "http://ww.ccc.c",
                "clientId": "12345",
                "providerUrl": "http://locate.com",
                "gatewayPort": 80,
                "contextRoot": "/root",
                "distributionPercentage": 50,
                "gatewayProviderSettingList": [
                    {
                        "gatewayProviderSettingCode": "GS15",
                        "fieldName": "Settings 15",
                        "fieldValue": 30,
                        "status": "active",
                        "description": "DESC stands for Describe, Express, Specify and Consequences. To develop more assertiveness, practice using the DESC script..",
                        "dataType": "integer",
                        "required": false,
                        "dataFormat": "#NNN",
                        "defaultValue": 3,
                        "maximumValue": 50,
                        "minimumValue": 1,
                        "affectedModule": "Free Text"
                    }
                ]
            },
            {
                "description": "Free Text",
                "code": "GP001",
                "providerContextRoot": "root",
                "status": "active",
                "name": "Click Send",
                "apiIntegration": "http://ww.ccc.c",
                "clientId": "12345",
                "providerUrl": "http://locate.com",
                "gatewayPort": 80,
                "contextRoot": "/root",
                "distributionPercentage": 50,
                "gatewayProviderSettingList": [
                    {
                        "gatewayProviderSettingCode": "GS15",
                        "fieldName": "Settings 15",
                        "fieldValue": 30,
                        "status": "active",
                        "description": "DESC stands for Describe, Express, Specify and Consequences. To develop more assertiveness, practice using the DESC script..",
                        "dataType": "integer",
                        "required": false,
                        "dataFormat": "#NNN",
                        "defaultValue": 3,
                        "maximumValue": 50,
                        "minimumValue": 1,
                        "affectedModule": "Free Text"
                    }
                ]
            },
            {
                "description": "Free Text",
                "code": "GP001",
                "providerContextRoot": "root",
                "status": "active",
                "name": "Click Send",
                "apiIntegration": "http://ww.ccc.c",
                "clientId": "12345",
                "providerUrl": "http://locate.com",
                "gatewayPort": 80,
                "contextRoot": "/root",
                "distributionPercentage": 50,
                "gatewayProviderSettingList": [
                    {
                        "gatewayProviderSettingCode": "GS15",
                        "fieldName": "Settings 15",
                        "fieldValue": 30,
                        "status": "active",
                        "description": "DESC stands for Describe, Express, Specify and Consequences. To develop more assertiveness, practice using the DESC script..",
                        "dataType": "integer",
                        "required": false,
                        "dataFormat": "#NNN",
                        "defaultValue": 3,
                        "maximumValue": 50,
                        "minimumValue": 1,
                        "affectedModule": "Free Text"
                    }
                ]
            },
            {
                "description": "Free Text",
                "code": "GP001",
                "providerContextRoot": "root",
                "status": "active",
                "name": "Click Send",
                "apiIntegration": "http://ww.ccc.c",
                "clientId": "12345",
                "providerUrl": "http://locate.com",
                "gatewayPort": 80,
                "contextRoot": "/root",
                "distributionPercentage": 50,
                "gatewayProviderSettingList": [
                    {
                        "gatewayProviderSettingCode": "GS15",
                        "fieldName": "Settings 15",
                        "fieldValue": 30,
                        "status": "active",
                        "description": "DESC stands for Describe, Express, Specify and Consequences. To develop more assertiveness, practice using the DESC script..",
                        "dataType": "integer",
                        "required": false,
                        "dataFormat": "#NNN",
                        "defaultValue": 3,
                        "maximumValue": 50,
                        "minimumValue": 1,
                        "affectedModule": "Free Text"
                    }
                ]
            },
            {
                "description": "Free Text",
                "code": "GP001",
                "providerContextRoot": "root",
                "status": "active",
                "name": "Click Send",
                "apiIntegration": "http://ww.ccc.c",
                "clientId": "12345",
                "providerUrl": "http://locate.com",
                "gatewayPort": 80,
                "contextRoot": "/root",
                "distributionPercentage": 50,
                "gatewayProviderSettingList": [
                    {
                        "gatewayProviderSettingCode": "GS13",
                        "fieldName": "Settings 15",
                        "fieldValue": 30,
                        "status": "active",
                        "description": "DESC stands for Describe, Express, Specify and Consequences. To develop more assertiveness, practice using the DESC script..",
                        "dataType": "integer",
                        "required": false,
                        "dataFormat": "#NNN",
                        "defaultValue": 3,
                        "maximumValue": 50,
                        "minimumValue": 1,
                        "affectedModule": "Free Text"
                    }
                ]
            }
        ]
    }
}