{
    "data": [
        {
            "gatewayCode": "12345",
            "name": "SMTP",
            "description": "Simple Mail Transfer Protocol",
            "status": "active"
        },
        {
            "gatewayCode": "12346",
            "name": "Mail",
            "description": "Emailing",
            "status": "inactive"
        },
        {
            "gatewayCode": "12347",
            "name": "SMS",
            "description": "Short Message Service",
            "status": "inactive"
        },
        {
            "gatewayCode": "12348",
            "name": "SMTP1",
            "description": "Simple Mail Transfer Protocol1",
            "status": "inactive"
        },
        {
            "gatewayCode": "12349",
            "name": "SMTP2",
            "description": "Simple Mail Transfer Protocol 2",
            "status": "inactive"
        },
        {
            "gatewayCode": "12350",
            "name": "SMTP",
            "description": "Simple Mail Transfer Protocol",
            "status": "active"
        },
        {
            "gatewayCode": "12351",
            "name": "SMTP",
            "description": "Simple Mail Transfer Protocol",
            "status": "inactive"
        },
        {
            "gatewayCode": "12352",
            "name": "Whatsapp",
            "description": "Send through Whatsapp",
            "status": "active"
        },
        {
            "gatewayCode": "12353",
            "name": "AWS message",
            "description": "AWS message adapter",
            "status": "inactive"
        },
        {
            "gatewayCode": "12354",
            "name": "Azure message service",
            "description": "Azure SMS adapter",
            "status": "active"
        },
        {
            "gatewayCode": "12355",
            "name": "GC Message service",
            "description": "Google Cloud Message service",
            "status": "inactive"
        },
        {
            "gatewayCode": "12356",
            "name": "TextLocal",
            "description": "TextLocal SMS service",
            "status": "active"
        },
        {
            "gatewayCode": "12357",
            "name": "TextLocal 1",
            "description": "TextLocal SMS service 1",
            "status": "active"
        },
        {
            "gatewayCode": "12358",
            "name": "TextLocal 2",
            "description": "TextLocal SMS sercice",
            "status": "inactive"
        }
    ]
}