{
    "data": [
        {
            "code": "click-send",
            "name": "ClickSend",
            "switch": "on",
            "status": "active"
        },
        {
            "code": "bulk-sms",
            "name": "Bulk SMS",
            "switch": "on",
            "status": "active"
        },
        {
            "code": "twilio",
            "name": "Twilio",
            "switch": "on",
            "status": "active"
        },
        {
            "code": "message-bird",
            "name": "MessageBird",
            "switch": "off",
            "status": "inactive"
        },
        {
            "code": "clickatell",
            "name": "Clickatell",
            "switch": "off",
            "status": "inactive"
        },
        {
            "code": "sms-global",
            "name": "SMS Global",
            "switch": "on",
            "status": "active"
        },
        {
            "code": "eztexting",
            "name": "EZTexting",
            "switch": "on",
            "status": "active"
        },
        {
            "code": "spam-titan",
            "name": "SpamTitan",
            "switch": "on",
            "status": "active"
        },
        {
            "code": "avanan",
            "name": "Avanan",
            "switch": "off",
            "status": "inactive"
        },
        {
            "code": "trustifi",
            "name": "Trustifi",
            "switch": "on",
            "status": "active"
        },
        {
            "code": "nable-mail-assure",
            "name": "N-able Mail Assure",
            "switch": "off",
            "status": "inactive"
        },
        {
            "code": "proofpoint",
            "name": "Proofpoint",
            "switch": "on",
            "status": "active"
        },
        {
            "code": "mimecast",
            "name": "Mimecast",
            "switch": "on",
            "status": "active"
        },
        {
            "code": "barracuda",
            "name": "Barracuda",
            "switch": "off",
            "status": "inactive"
        }
    ]
}