{
    "data": {
        "settingCodeList": [
            {
                "code": "GW001",
                "name": "Gateway Setting 1"
            },
            {
                "code": "GW002",
                "name": "Gateway Setting 2"
            },
            {
                "code": "GW003",
                "name": "Gateway Setting 3"
            },
            {
                "code": "GW004",
                "name": "Gateway Setting 4"
            },
            {
                "code": "GW005",
                "name": "Gateway Setting 5"
            },
            {
                "code": "GW006",
                "name": "Gateway Setting 6"
            }
        ]
    }
}