{
    "data": {
        "affectedModule": "Free Text",
        "gatewaySettingsCode": "GW001",
        "dataFormat": "#NNN",
        "dataType": "Integer",
        "defaultValue": 3,
        "description": "DESC stands for Describe, Express, Specify and Consequences. To develop more assertiveness, practice using the DESC script. ",
        "maximumValue": 50,
        "minimumValue": 1,
        "fieldName": "Settings 1",
        "required": false,
        "status": "active",
        "fieldValue": 30
    }
}